TDS,TDS Duration,Vrot,Vrot Width,AzShear,TDS Height,TDS Width,Peak Wind,Min CC,Beam Height,Path Length,Path Width,tag
1,10,48.1,0.61,0.044,17.3,2.2,125,,,7.04,560,20180122_0326_TXBowie_kshv
1,27,54.9,0.15,0.203,16.5,0.6,135,,,11.3,350,20180224_2154_KYLogan_khpx
0,,48.1,0.52,0.051,,,115,,,41.5,150,20180224_2335_ARClay_knqa
0,,37.9,1.19,0.018,,,120,,,0.96,150,20180225_0030_MONew Madrid_kpah
1,14,50,0.2,0.139,6.4,0.6,135,,,5.8,200,20180225_0244_KYChristian_khpx
1,11,49.6,0.65,0.042,1.5,0.4,125,,,4.07,300,20180225_0303_TNMontgomery_khpx
0,,18,1.65,0.006,,,112,,,1.25,100,20180225_0433_KYGreen_klvx
1,23,55.8,0.32,0.097,6.6,1,125,,,23.54,600,20180319_2308_ALLimestone_khtx
0,,43.7,0.42,0.058,,,112,,,3.76,690,20180320_0026_ALMarshall_khtx
1,25,60.2,1,0.033,7,1.7,120,,,15.73,1760,20180320_0102_ALStClair_kbmx
1,35,94.8,1.53,0.034,19.6,2.7,140,,,34.17,2000,20180320_0123_ALCalhoun_kbmx
1,10,50,0.32,0.087,5.1,1.5,120,,,0.5,315,20180320_0311_GAFulton_kffc
1,10,28.7,1.48,0.011,13.2,1.2,125,,,10.92,100,20180403_2120_ILFayette_klsx
0,,53.9,1.01,0.03,,,127,,,12.52,350,20180403_2246_ILWilliamson_kpah
1,8,54.9,0.8,0.038,5.4,1.4,125,,,4.3,300,20180403_2354_KYLivingston_kpah
1,35,75.8,0.47,0.09,12.1,2,125,,,10.26,1800,20180407_0031_LADeSoto_kshv
1,22,62.3,0.52,0.067,10.6,1.3,115,,,11.7,1000,20180413_2104_ARCrawford_ksrx
1,9,45.7,1.07,0.024,12.5,2.9,135,,,2.25,350,20180414_0010_ARHoward_ksrx
0,,33,0.39,0.047,,,130,,,8.89,100,20180414_0013_MOWright_ksgf
1,22,55.4,0.55,0.056,12.4,3.6,115,,,8.78,343,20180414_0034_LACaldwell_kpoe
1,6,27.2,0.9,0.017,4.3,1,115,,,5.54,211,20180414_0647_LABienville_kshv
0,,26.2,1.48,0.01,,,118,,,8.93,700,20180414_0822_ARAshley_kdgx
0,,21.4,1.14,0.01,,,115,,,4.5,650,20180414_1137_LALafayette_klch
0,,21.4,1.22,0.01,,,115,,,8.55,780,20180414_1543_MSLauderdale_kdgx
1,4,33.5,0.55,0.034,5.1,0.6,120,,,2.98,200,20180415_1803_SCLexington_kcae
1,20,44.2,0.49,0.05,16.2,1.5,135,,,33.6,500,20180415_2107_NCGuilford_kfcx
0,,40.3,2.46,0.009,,,150,,,25.7,800,20180415_2300_VACampbell_kfcx
1,21,63.1,0.68,0.052,15.5,2.6,140,,,14.53,880,20180502_0041_KSSaline_ktwx
1,7,91.6,0.49,0.104,2.5,0.4,120,,,4.1,600,20180502_2347_OKTillman_kfdr
1,5,39.8,0.42,0.053,6.2,0.9,118,,,2.1,50,20180515_0226_KSCowley_kict
1,8,35,0.43,0.045,8.7,0.9,120,,,0.93,75,20180515_0242_KSCowley_kict
0,,38.4,0.33,0.065,,,115,,,1.14,100,20180515_2029_NYPutnam_kokx
0,,33,1.02,0.018,,,136,,,2.66,200,20180601_1944_WYCampbell_kudx
1,4,27.7,0.92,0.017,9.7,1,125,,,3.49,200,20180601_2235_NDDunn_kbis
1,56,74.8,0.36,0.115,16.5,0.8,150,,,11.3,600,20180606_2343_WYAlbany_kcys
0,,31.1,0.7,0.025,,,121,,,0.6,50,20180606_2349_WYAlbany_kcys
1,20,45.7,0.57,0.045,18.3,1.4,120,,,5.17,250,20180614_0016_PABradford_kbgm
1,10,49.1,0.55,0.05,7.8,2,130,,,2.9,150,20180614_0200_PALuzerne_kbgm
1,20,62.2,0.54,0.064,13.4,2.4,130,,,7.04,260,20180622_2346_ALWinston_kgwx
1,12,46.1,0.49,0.052,11.4,0.5,152,,,9.08,500,20180627_0018_KSGreenwood_kict
1,12,62.2,1.61,0.021,14.2,2.5,136,,,3.63,900,20180629_0220_MTCarter_kudx
1,7,48.6,0.85,0.032,10.5,1.5,120,,,3.07,100,20180629_0230_SDHarding_kudx
0,,40.8,0.82,0.028,,,114,,,6.98,300,20180629_0310_SDHarding_kudx
0,,34.5,1.35,0.014,,,120,,,15,400,20180629_0954_MNPolk_kmvx
0,,32.5,1.02,0.018,,,115,,,3,400,20180704_0729_NDEddy_kmvx
1,18,26.7,0.46,0.032,10,1,115,,,2.99,100,20180719_1951_IAPolk_kdmx
1,26,16.7,0.29,0.032,9.2,1,115,,,3.52,100,20180719_1950_IAPolk_kdmx
1,25,64.6,0.35,0.103,7.7,1.6,144,,,10.18,400,20180719_2103_IAMarion_kdmx
1,28,57.8,0.34,0.094,14.8,1.7,144,,,8.26,900,20180719_2125_IAMarshall_kdmx
0,,57.8,0.7,0.046,,,155,,,4.5,350,20180728_2200_WYConverse_kcys
1,27,56.9,0.39,0.081,6.9,1,120,,,7.5,350,20180917_1935_VAChesterfield_kakq
1,25,59.7,0.36,0.092,7.1,1.8,122,,,5.34,500,20180920_2332_MNRice_kmpx
0,,32.1,1.24,0.014,,,115,,,4.08,50,20181002_1833_PACrawford_kcle
1,9,65.6,0.52,0.07,2,0.7,117,,,3.11,644,20181013_1156_TXTom Green_ksjt
1,57,50,0.33,0.084,13.1,1.5,135,,,37.89,500,20181101_0429_LARapides_kpoe
1,9,32.1,0.8,0.022,6,0.6,118,,,13.45,900,20181101_0517_LAAllen_kpoe
0,,36.9,1.49,0.014,,,115,,,1.01,200,20181101_0709_MSAdams_kpoe
1,15,41.8,1.1,0.021,6.6,1.1,115,,,2.22,200,20181101_0835_LAWashington_klix
1,4,32.1,0.94,0.019,6.4,0.4,115,,,1.67,200,20181101_0854_LAWashington_klix
1,26,49.5,0.28,0.098,13.2,1.3,114,,,10.39,200,20181106_0458_MSPontotoc_kgwx
1,21,51,0.3,0.094,13.9,1.4,135,,,8.45,200,20181106_0616_TNBedford_kohx
1,31,67,0.32,0.116,9.1,1.6,130,,,8.73,500,20181106_0710_TNFranklin_khtx
1,19,53.9,0.19,0.158,9.5,1,135,,,18.11,700,20190119_2052_ALElmore_kmxx
1,18,53.4,0.53,0.056,10.6,2.2,115,,,8.3,200,20190223_2237_MSAlcorn_kgwx
1,23,54.9,0.43,0.071,9.5,1.1,137,,,10,440,20190223_2315_MSLowndes_kgwx
1,37,87.4,0.41,0.118,21.1,1.3,170,,,68.73,1600,20190303_2000_ALMacon_kmxx
1,31,64.6,0.25,0.144,6,1.1,115,,,29.15,1300,20190303_2027_ALMacon_kmxx
1,12,55.4,0.38,0.081,10.4,1.5,115,,,6.68,700,20190303_2145_ALBarbour_kmxx
1,24,52,0.44,0.066,12.6,2.6,130,,,31,860,20190303_2158_ALBarbour_kmxx
0,,24.8,1.08,0.013,,,120,,,1.52,100,20190303_2244_GAColumbia_kcae
1,5,39.8,0.45,0.049,4,0.7,120,,,5.05,200,20190303_2253_SCEdgefield_kcae
1,8,60.7,0.53,0.064,5,1.3,120,,,2.69,800,20190304_0054_GAGrady_ktlh
1,20,57.8,0.26,0.124,10.9,2.2,140,,,8.83,700,20190304_0118_FLLeon_ktlh
1,26,51,0.26,0.109,8.8,0.8,125,,,16.7,300,20190314_1418_KYCarlisle_kpah
1,33,56.3,0.28,0.112,9,2.2,125,,,18.2,700,20190314_2245_MIShiawassee_kdtx
1,19,53.9,0.42,0.071,7,0.9,120,,,8.58,650,20190315_0232_ALElmore_kmxx
0,,31.1,1.55,0.011,,,120,,,10.3,250,20190325_0148_MOBollinger_kpah
1,44,74.3,0.65,0.064,15.4,2.2,140,,,32.63,250,20190413_1550_TXMilam_kgrk
0,,51,0.8,0.035,,,122,,,0.8,400,20190413_1646_TXCherokee_kshv
0,,36.9,0.74,0.028,,,121,,,2.5,400,20190413_1652_TXCherokee_kshv
1,12,53.9,1,0.03,13.9,1.5,130,,,3.85,100,20190413_1723_TXHouston_kshv
1,38,73.5,0.74,0.046,17.4,1.5,160,,,44.4,880,20190413_1756_TXHouston_kshv
1,6,40.3,1.12,0.02,6.9,1.1,115,,,20.37,700,20190413_2157_MSWarren_kdgx
1,7,44.2,0.88,0.028,7.7,1.5,120,,,4.35,440,20190413_2204_MSWarren_kdgx
0,,31.6,1.21,0.015,,,115,,,2.96,175,20190413_2208_MSWarren_kdgx
0,,35.5,1.35,0.015,,,120,,,4.41,150,20190414_0112_MSPike_klix
1,20,56.8,0.43,0.073,10.1,1.6,113,,,8.82,830,20190414_0255_MSWinston_kgwx
1,30,87.3,0.65,0.075,9.5,1.9,130,,,11.3,800,20190414_0406_MSMonroe_kgwx
1,21,58.8,0.63,0.052,12,2.3,115,,,8.48,700,20190414_0419_MSKemper_kdgx
1,9,48.6,0.65,0.042,11.5,1.9,113,,,6.13,400,20190414_0455_MSClarke_kdgx
1,12,45.7,0.38,0.067,7.7,1.3,125,,,17,800,20190414_2042_OHRichland_kcle
1,16,51,0.15,0.189,9.1,0.6,119,,,9.3,400,20190415_0738_DESussex_kdox
0,,43.2,1.27,0.019,,,115,,,11.38,1320,20190418_1859_MSHinds_kdgx
0,,56.3,1.76,0.018,,,115,,,13.09,1320,20190418_1906_MSHinds_kdgx
1,17,61.7,1.22,0.028,5,0.9,113,,,9.86,1000,20190418_2001_MSSimpson_kdgx
1,27,44.2,0.45,0.055,9.5,1.9,132,,,6.38,560,20190418_2031_MSScott_kdgx
1,21,57.3,0.21,0.149,13.7,2.1,159,,,8.2,250,20190419_1425_VAFranklin_kfcx
1,17,33,1.46,0.013,8.1,1.5,115,,,10.64,300,20190419_1748_SCOrangeburg_kcae
0,,34.4,2.21,0.009,,,118,,,2.91,250,20190419_1829_SCClarendon_kcae
1,25,44.7,0.72,0.034,10.5,1.6,115,,,12,600,20190419_2000_NCOrange_krax
1,6,25.7,1.59,0.009,5.3,1.4,120,,,3.5,75,20190419_2310_PAFranklin_klwx
1,6,31.6,0.91,0.019,5.1,0.4,135,,,3.1,200,20190419_2346_VACharles City_kakq
0,,38.4,0.51,0.042,,,120,,,2,300,20190420_0006_VALouisa_klwx
1,11,23.3,0.46,0.028,7.1,1.4,120,,,1.6,100,20190424_2142_TXBrazos_kgrk
1,18,43.2,0.44,0.055,9.7,2.2,133,,,8.61,1100,20190425_0413_TXSan Augustine_kshv
1,9,46.6,0.52,0.048,12.2,1.3,145,,,11.32,1000,20190425_0647_LALincoln_kshv
0,,22.8,1.58,0.008,,,112,,,16.24,2000,20190425_0742_LAMorehouse_kshv
1,22,42.3,0.45,0.052,12.7,2.2,125,,,8.81,700,20190425_0759_LALa Salle_kpoe
1,24,58.3,0.44,0.074,11.2,1.5,120,,,9.8,1300,20190430_1944_OKWashington_kinx
1,16,60.7,0.78,0.043,14.2,0.8,134,,,10,400,20190501_0128_MOChristian_ksgf
1,11,52,0.51,0.057,12.4,2.2,115,,,10,1300,20190501_0341_OKPittsburg_ksrx
1,13,28.2,0.46,0.034,9,1.5,120,,,2.48,75,20190503_1404_TXFayette_kgrk
1,12,40.8,0.78,0.029,6,1.1,119,,,0.5,200,20190505_2238_NELancaster_koax
1,53,91.3,0.23,0.221,6.5,1.1,115,,,17.2,2110,20190505_2245_TXLynn_klbb
0,,46.6,0.36,0.072,,,118,,,13,400,20190508_0423_OKKiowa_kfdr
0,,41.8,0.66,0.035,,,122,,,6,350,20190517_2255_NERed Willow_kgld
1,2,48.6,0.71,0.038,9.5,0.6,118,,,0.56,178,20190517_2358_NEFrontier_kgld
1,10,47.6,0.85,0.031,15.9,1.8,157,,,2.12,400,20190518_0005_NEFrontier_kuex
1,34,68.5,0.35,0.109,11.3,1.1,138,,,26.3,600,20190518_0137_KSMeade_kddc
1,39,83.7,0.42,0.111,13.5,1.3,134,,,14.9,875,20190518_0230_KSFord_kddc
1,14,50,0.32,0.087,6.2,0.7,127,,,10.9,565,20190518_0319_KSEdwards_kddc
1,14,45.7,0.19,0.134,2.6,0.8,132,,,2.2,250,20190518_0707_TXSchleicher_ksjt
1,33,86,0.32,0.149,3.3,0.8,125,,,18,1760,20190518_0957_TXTom Green_ksjt
1,13,66.5,0.33,0.112,7.5,1.2,125,,,5.2,388,20190518_1043_TXTaylor_kdyx
1,22,85,0.45,0.105,13.5,1.2,145,,,18.9,1760,20190518_1152_TXConcho_ksjt
1,9,44.7,0.29,0.086,3.7,0.9,132,,,0.5,60,20190518_1237_OKComanche_kfdr
1,20,74.3,0.53,0.078,12.2,1.4,155,,,5.9,1760,20190518_1252_TXRunnels_ksjt
1,20,73.8,0.4,0.103,14.4,1.6,136,,,8.2,300,20190518_1320_TXColeman_kdyx
1,13,49.5,0.35,0.079,1.9,0.8,118,,,6.63,150,20190520_2352_TXMidland_kmaf
1,11,57.8,0.67,0.048,6.8,1.3,122,,,11,1200,20190520_2212_OKGreer_kfdr
1,23,75.4,0.95,0.044,9.4,2.8,115,,,21,2700,20190521_0329_OKCherokee_kinx
1,28,56.8,0.43,0.073,7.3,1.9,127,,,2.6,400,20190521_0933_OKPottawatomie_ktlx
1,24,51,0.7,0.04,7.4,1.3,115,,,17.18,75,20190521_2338_KSJackson_ktwx
1,15,35,0.38,0.051,6.9,1.4,122,,,4.8,150,20190522_0629_IAAdair_kdmx
1,25,66.5,0.55,0.067,15.8,2.3,140,,,9,440,20190523_0105_MOJasper_ksgf
1,35,78.7,0.62,0.071,19.7,1.7,142,,,12,880,20190523_0151_MOBarton_ksgf
1,29,57.3,0.36,0.088,13.6,2.5,120,,,16.86,1100,20190523_0234_OKDelaware_kinx
1,57,68.3,0.88,0.043,20.9,3.1,160,,,32.38,1500,20190523_0356_MOMiller_klsx
1,16,66.5,0.65,0.057,12.3,3.1,115,,,17.58,900,20190523_2359_TXRoberts_kama
1,28,81.1,0.66,0.068,16.5,2.8,145,,,15.84,1500,20190524_0126_TXLipscomb_kddc
0,,50.5,0.75,0.037,,,132,,,0.89,100,20190525_2239_TXHale_klbb
1,12,50,0.63,0.044,12.5,2.6,143,,,2.2,75,20190526_0328_OKCanadian_ktlx
1,15,32.5,0.78,0.023,14.5,1.8,140,,,7.5,100,20190527_1825_IAVan Buren_kdvn
1,34,71.4,0.71,0.056,16.8,2.3,140,,,14,800,20190527_2351_INMiami_kiwx
1,15,56.3,0.28,0.112,9.6,1.5,132,,,5.98,100,20190528_0005_INMadison_kind
1,4,43.2,0.34,0.071,5.4,0.7,122,,,4.2,150,20190528_0010_INGrant_kiwx
1,18,62.2,0.45,0.077,11.2,1.7,150,,,12.8,1200,20190528_0059_INBlackford_kiwx
1,26,47.6,0.67,0.039,14.1,2.7,150,,,6.6,200,20190528_0202_OHMercer_kiwx
1,14,64.6,0.4,0.09,15.3,1.2,140,,,10.8,1320,20190528_0225_OHMiami_kiln
1,33,82.4,0.59,0.078,22.4,2.1,170,,,19,1056,20190528_0241_OHMontgomery_kiln
1,22,71.4,0.54,0.073,12.1,2,140,,,10,1232,20190528_0312_OHMontgomery_kiln
1,13,52.9,0.52,0.057,14.4,1.3,135,,,7.6,440,20190528_0334_OHMontgomery_kiln
1,16,43.7,0.33,0.074,10.1,0.7,120,,,4.2,250,20190528_0423_OHGreene_kiln
1,14,52.5,0.49,0.06,12.9,1.9,125,,,5.3,400,20190528_0517_OHHocking_kiln
1,9,33,0.76,0.024,12.2,1.5,134,,,2.6,400,20190528_2152_PABerks_kdox
1,41,50,0.57,0.049,9.7,1.1,118,,,24.2,880,20190528_2220_KSRussell_kuex
0,,41.8,0.38,0.061,,,115,,,11,100,20190528_2249_KSOsage_ktwx
1,60,98.6,0.65,0.084,38.9,3.1,170,,,31.82,1760,20190528_2305_KSDouglas_keax
1,21,61.2,0.59,0.058,11.9,3.2,115,,,5.84,400,20190529_0058_MOClay_keax
0,,46.1,0.51,0.05,,,120,,,4.01,215,20190529_2124_TXVan Zandt_kfws
1,22,55.8,0.67,0.046,12.3,1.3,125,,,7.24,700,20190529_2151_TXVan Zandt_kfws
1,10,49.5,0.63,0.044,7.6,1.3,112,,,9.09,850,20190529_2150_TXWood_kshv
1,10,59.2,0.46,0.071,5.9,1.4,115,,,1.6,50,20190606_1501_LAAscension_klix
1,19,24.3,0.78,0.017,6,1.1,115,,,3.6,160,20190609_0034_MNPolk_kmvx
0,,45.2,0.32,0.078,,,115,,,1.57,500,20190609_2224_TXCoryell_kgrk
1,26,40.3,0.3,0.075,12.6,1.7,121,,,3.7,400,20190615_2248_INMonroe_kind
1,17,41.8,0.41,0.057,9.9,2.3,130,,,3.52,400,20190615_2256_INGreene_kind
1,22,40.3,0.63,0.036,9.4,2.4,130,,,14.51,200,20190616_0048_INRush_kind
1,6,46.6,0.68,0.038,6.3,0.5,121,,,1.85,200,20190616_0120_IADes Moines_kdvn
1,6,54.9,0.63,0.048,6.3,0.9,118,,,1.32,300,20190616_0124_IADes Moines_kdvn
1,13,44.7,0.53,0.047,9.1,1.5,130,,,1.44,175,20190620_0347_LABossier_kshv
1,19,42.7,0.56,0.042,8.3,1.3,125,,,2.01,250,20190624_0038_INSt. Joseph_kiwx
1,11,44.2,0.32,0.077,3.8,1,150,,,5.4,710,20190820_1055_IAWarren_kdmx
1,12,48.6,0.36,0.075,8.2,1,120,,,9.31,200,20190905_1058_NCBrunswick_kltx
1,25,45.2,0.38,0.066,9.1,0.6,115,,,13,200,20190905_1302_NCCarteret_kmhx
1,10,72.8,0.54,0.075,10.5,1,130,,,19.12,200,20190910_2214_WYGoshen_kcys
1,9,57.8,0.47,0.068,2.2,0.5,125,,,0.9,50,20190911_0424_SDLincoln_kfsd
1,9,46.6,0.15,0.173,4.7,0.7,130,,,0.63,50,20190911_0424_SDLincoln_kfsd
1,7,58.8,0.41,0.08,4.7,1.1,127,,,0.7,75,20190911_0428_SDMinnehaha_kfsd
1,11,54.9,0.58,0.053,16.8,1.6,150,,,6.97,725,20190925_0045_WIDunn_karx
1,45,54.9,0.27,0.113,11.5,1.2,122,,,11.45,525,20191019_0259_FLPolk_ktbw
1,40,80.1,0.54,0.082,19.6,2,140,,,15.76,1300,20191021_0158_TXDallas_kfws
1,10,41.8,0.28,0.083,6.7,0.9,135,,,2.48,265,20191021_0224_TXDallas_kfws
1,18,46.1,0.46,0.056,5.4,1.5,120,,,31.4,2640,20191021_0508_ARBenton_kinx
1,12,39.8,0.42,0.053,7.8,2.5,120,,,0.47,250,20191101_0325_PADelaware_kdix
1,12,31.6,0.85,0.021,11.1,3,120,,,7.02,700,20191127_0003_LAFranklin_kpoe
1,25,58.3,0.41,0.079,12.8,1.1,120,,,11.89,500,20191127_0557_MSRankin_kdgx
1,20,40.3,0.55,0.041,8.1,1.1,113,,,3.6,147,20191216_1629_LARapides_kpoe
1,108,73.3,0.22,0.185,21.6,1.8,158,,,62,400,20191216_1710_LABeauregard_kpoe
1,44,77.2,0.65,0.066,13.9,1.9,140,,,30.43,880,20191216_2030_MSAmite_kdgx
1,13,59.7,1.33,0.025,11.1,1.6,120,,,4.33,720,20191216_2034_MSFranklin_kdgx
1,11,60.9,0.23,0.147,6.2,1.9,115,,,9.3,250,20191216_2153_MSLee_kgwx
1,14,57.3,0.91,0.035,10.8,1.6,112,,,7.49,350,20191216_2241_MSMarion_klix
1,22,67,0.41,0.091,12.8,1.1,130,,,10.92,600,20191216_2244_MSLawrence_kdgx
1,8,39.3,0.91,0.024,7.5,1.4,115,,,8.18,250,20191216_2252_ALColbert_kgwx
1,12,52.5,0.66,0.044,13.5,3,134,,,18.58,370,20191216_2308_ALLawrence_khtx
1,16,56.8,0.48,0.066,12.3,2.5,136,,,5.84,560,20191216_2317_MSLamar_kdgx
1,33,52.5,0.26,0.112,14.5,1.1,149,,,18.75,1320,20191216_2319_MSSimpson_kdgx
1,82,60.7,0.51,0.066,21.5,2.2,140,,,61.31,350,20191216_2359_MSJones_kdgx
1,6,60.2,0.57,0.059,12.8,2.2,120,,,5.95,350,20191217_0207_ALMarengo_kbmx
1,24,60.7,0.45,0.075,10.8,1.1,120,,,19.2,400,20191217_1635_GAIrwin_kvax
1,17,42.7,0.36,0.066,5,0.8,120,,,13.6,250,20200111_0144_ARLogan_ksrx
1,18,39.3,0.18,0.121,4.3,1,134,,,42.06,300,20200111_0724_LABossier_kshv
0,,34,1.31,0.014,,,125,,,9.7,300,20200111_0742_MOCape Girardeau_kpah
1,3,56.3,0.91,0.034,10.8,1.3,130,,,20.7,1000,20200111_0907_ARAshley_kdgx
0,,48.1,0.84,0.032,,,127,,,17.8,850,20200111_0933_ARChicot_kdgx
1,5,85.5,1.63,0.029,9.6,1.9,134,,,23.43,2600,20200111_0948_MSBolivar_klzk
0,,56.3,0.85,0.037,,,125,,,5.53,2000,20200111_1018_MSSunflower_kdgx
0,,65.5,0.84,0.043,,,115,,,5.52,850,20200111_1019_MSSunflower_kdgx
1,14,71.4,1.18,0.034,8.4,1.4,120,,,8.25,300,20200111_1053_MSDe Soto_knqa
1,19,61.2,0.52,0.065,10.1,2,134,,,6.33,1056,20200111_1710_ALPickens_kgwx
0,,17.5,0.81,0.012,,,120,,,0.22,150,20200111_1919_ALMarshall_khtx
1,8,28.2,1,0.016,5.5,0.6,130,,,0.56,150,20200112_0333_SCKershaw_kcae
1,9,63.1,0.25,0.14,7.3,1.1,115,,,1.85,150,20200205_2120_MSSmith_kdgx
1,11,55.8,0.56,0.055,2.2,0.7,112,,,18.83,900,20200205_2157_MSYazoo_kdgx
0,,32.5,0.94,0.019,,,112,,,5.89,800,20200205_2258_MSAttala_kdgx
1,14,55.8,0.8,0.039,10,1.8,125,,,60.05,1320,20200206_0451_MSJasper_kdgx
1,18,70.4,0.33,0.119,14.6,1.1,120,,,9.91,700,20200206_0757_ALShelby_kbmx
1,4,46.1,0.45,0.057,2.4,1,130,,,8.57,150,20200206_1555_NCCleveland_kgsp
0,,35.9,0.74,0.027,,,125,,,6.41,75,20200206_1645_NCCabarrus_kcae
1,21,69,0.52,0.074,11.7,1.8,125,,,14.8,100,20200303_0441_TNCarroll_kpah
1,8,58.3,1.12,0.029,9.4,0.9,125,,,18.72,250,20200303_0505_TNBenton_kpah
0,,26.7,0.43,0.034,,,116,,,2.7,250,20200303_0615_KYWarren_khpx
1,56,68.7,0.65,0.059,19.8,1.1,165,,,60.13,1600,20200303_0632_TNDavidson_kohx
1,15,57.8,0.4,0.08,17.6,1.4,175,,,8.39,900,20200303_0748_TNPutnam_kohx
0,,29.6,1.2,0.014,,,115,,,10.07,500,20200303_0825_TNCumberland_kohx
1,14,53.4,0.38,0.078,10.4,1.4,120,,,2.5,50,20200319_0600_TXNolan_ksjt
0,,21.4,0.33,0.036,,,125,,,1.1,425,20200319_0614_TXTaylor_kdyx
0,,20.9,0.62,0.019,,,135,,,0.5,425,20200319_0617_TXTaylor_kdyx
1,21,77,0.29,0.148,9.4,1,120,,,3.6,1050,20200319_0643_TXTaylor_kdyx
0,0,44.7,1.09,0.023,,,120,,,12.5,500,20200319_2350_ARBoone_ksgf
1,24,54.4,0.86,0.035,17.6,4.4,148,,,12.55,600,20200328_2158_ARCraighead_knqa
1,3,43.7,1.04,0.023,2,0.4,115,,,17,500,20200329_0058_KYHenderson_kvwx
1,4,53.4,0.67,0.044,1.6,0.5,122,,,5.2,575,20200329_0118_INWarrick_kvwx
1,41,52.5,0.44,0.066,7.7,1,130,,,30.11,350,20200331_1634_ALBarbour_keox
1,17,60.2,0.37,0.09,8,0.9,125,,,9.36,75,20200409_0105_ARPoinsett_knqa
1,18,70.9,0.42,0.094,4.6,1.2,127,,,9.18,400,20200412_1441_LADe Soto_kshv
1,17,55.4,0.92,0.033,15.9,1.9,140,,,8.01,300,20200412_1636_LAOuachita_kshv
1,11,57.8,1.41,0.023,18.5,2.2,140,,,2.71,400,20200412_1639_LAOuachita_kshv
0,,33.5,1.45,0.013,,,115,,,9.27,700,20200412_1710_LAMorehouse_kshv
1,8,49.5,0.47,0.059,5.3,0.9,120,,,7.42,250,20200412_1822_MSYazoo_kdgx
1,11,55.8,0.83,0.037,7.3,1.5,125,,,8.69,1100,20200412_2030_MSNoxubee_kgwx
1,30,69.9,0.52,0.075,23.4,3.7,170,,,21.21,1935,20200412_2039_MSWalthall_kdgx
1,71,122.5,0.74,0.092,29.2,3.4,190,,,68,3960,20200412_2112_MSJefferson Davis_kdgx
1,50,77.7,0.91,0.047,21.8,1.6,150,,,84.1,2040,20200412_2136_MSLawrence_kdgx
1,15,53.4,0.67,0.044,7.6,1.1,122,,,7.12,940,20200412_2214_ALWalker_kbmx
1,7,52.9,0.97,0.03,7.7,1.9,130,,,14.5,300,20200412_2222_MSClarke_kdgx
1,2,47.1,0.41,0.064,4.3,0.6,115,,,5.56,500,20200412_2250_ALBlount_kbmx
0,,19.9,1.35,0.008,,,115,,,21.84,440,20200412_2310_ALBlount_kbmx
1,5,42.3,0.41,0.057,5,0.6,115,,,12.19,875,20200412_2314_ALEtowah_khtx
1,5,46.6,1.15,0.023,3.5,0.8,120,,,15.8,800,20200413_0015_GAChattooga_khtx
1,22,52.5,0.47,0.062,15.1,3.9,134,,,8.88,860,20200413_0145_GAMurray_khtx
0,,46.6,0.87,0.03,,,117,,,2.5,350,20200413_0212_ALCullman_kbmx
1,21,88.4,0.48,0.102,14.9,2,145,,,18.37,1500,20200413_0315_GACatoosa_khtx
1,3,32.1,1.04,0.017,5.8,1.1,115,,,3.04,500,20200413_0345_TNBradley_khtx
1,17,86.9,0.36,0.134,18.6,2.1,140,,,16.7,1200,20200413_0619_GAUpson_kffc
1,13,57.3,0.31,0.103,10.8,1.3,140,,,5.3,300,20200413_0640_GAMonroe_kjgx
1,13,53.9,0.36,0.083,17.2,2.5,160,,,16.71,1000,20200413_0721_SCOconee_kgsp
1,9,49.5,0.73,0.038,5,1.2,120,,,8.01,200,20200413_0742_SCPickens_kgsp
1,18,67,0.5,0.074,8.1,1.6,125,,,16.94,700,20200413_0853_GABurke_kclx
1,39,59.2,0.28,0.117,14.4,3.5,140,,,38.28,800,20200413_0921_SCAiken_kcae
1,15,62.2,0.65,0.053,12.4,2.6,138,,,8.55,50,20200413_0933_SCBarnwell_kcae
1,31,61.7,0.56,0.061,15.6,2.9,141,,,36.9,770,20200413_0943_SCBarnwell_kcae
1,3,46.2,0.56,0.046,4.1,0.6,140,,,1.38,40,20200413_0949_SCBarnwell_kcae
1,14,68,0.32,0.118,10.3,1.9,145,,,5.45,800,20200413_0950_SCBarnwell_kcae
1,34,97.2,0.28,0.193,25.3,1.9,172,,,23.73,1300,20200413_1010_SCHampton_kclx
1,11,44.7,0.65,0.038,2.6,0.7,119,,,10.29,700,20200413_1025_SCOrangeburg_kcae
0,,22.8,1.28,0.01,,,125,,,0.4,75,20200413_1034_NCAnson_kcae
1,21,49.5,0.54,0.051,14.9,3.2,145,,,5.81,880,20200413_1138_SCBerkeley_kclx
1,4,35,0.96,0.02,6.7,0.7,122,,,1.16,140,20200413_1215_SCColleton_kclx
1,34,84.5,0.67,0.07,21.5,2.5,170,,,54.2,2200,20200420_0010_MSWalthall_kdgx
1,4,37.9,0.81,0.026,4.1,0.4,120,,,1.2,300,20200420_0349_ALCovington_kevx
1,13,20.9,1.43,0.008,7.3,1.5,125,,,5.26,300,20200420_0440_ALHenry_kevx
1,16,25.3,0.96,0.015,7.3,2.4,120,,,8.69,500,20200420_0610_GAMitchell_kvax
1,13,48.6,0.55,0.049,13.7,1.2,117,,,4.69,600,20200422_2124_OKCarter_ktlx
1,11,47.6,0.71,0.037,12.1,3.3,132,,,4.25,800,20200422_2153_OKMarshall_ktlx
1,48,73.3,0.77,0.053,17.9,2.9,140,,,32.31,1100,20200422_2235_TXSan Jacinto_khgx
0,,22.3,1.56,0.008,,,115,,,10.2,810,20200422_2351_TXLamar_kfws
1,58,72.8,0.67,0.06,15.4,2,130,,,37,600,20200423_0028_TXJasper_kpoe
1,17,52.5,0.76,0.038,9.7,1.8,120,,,8.9,500,20200423_0209_LARapides_kpoe
1,13,73.7,0.59,0.069,13.6,1.5,130,,,9.1,550,20200423_0226_LARapides_kpoe
1,5,39.8,0.32,0.069,3.3,0.9,115,,,3.6,100,20200423_0608_LAAvoyelles_kpoe
1,18,60.7,0.61,0.055,12.1,2.4,130,,,18.3,1760,20200423_0800_MSAmite_klix
0,,39.3,1.44,0.015,,,112,,,16.94,2640,20200423_0912_MSJones_kdgx
1,10,36.4,0.94,0.022,1.9,0.6,120,,,18.12,400,20200423_2049_FLWashington_kevx
1,11,55.4,0.76,0.04,14.2,1.9,120,,,7.94,425,20200424_2340_TXFannin_kfws
1,11,39.8,0.29,0.076,3,0.5,115,,,5.54,400,20200426_0109_SCGreenville_kgsp
0,,67,0.65,0.057,,,127,,,20.13,350,20200429_0320_OKMcCurtain_ksrx
1,12,50,0.36,0.077,4.6,0.8,115,,,14.24,200,20200505_2245_SCChester_kcae
1,9,26.7,0.48,0.031,7.4,1.2,150,,,4,100,20200518_0134_LAAcadia_klch
1,18,30.6,0.47,0.036,2.7,0.7,118,,,9.6,790,20200611_0131_PABeaver_kpbz
1,3,35,0.97,0.02,13.3,1.2,115,,,3.4,275,20200702_2326_NEDawes_kcys
1,8,59.2,0.48,0.069,1.9,0.6,115,,,2.65,150,20200705_0035_SDMcPherson_kabr
1,4,58.3,0.55,0.059,4.6,0.7,120,,,7.41,770,20200707_0038_WYCrook_kudx
0,,24.3,0.92,0.015,,,112,,,3,300,20200708_1010_MNOtterTail_kmvx
1,11,59.2,1.32,0.025,22.1,1.9,170,,,9,650,20200708_2208_MNGrant_kmvx
1,13,55.4,0.21,0.147,4.6,0.9,115,,,8.3,80,20200803_2355_NCBrunswick_kltx
1,14,60.2,0.59,0.057,13.5,2.1,145,,,10,600,20200804_0515_NCBertie_kakq
1,20,47.6,0.46,0.057,9.7,0.9,125,,,15.9,200,20200804_0649_VASouthampton_kakq
1,28,55.8,0.52,0.06,13.2,2,135,,,15.6,500,20200804_0940_VALancaster_kakq
1,5,34.5,0.48,0.04,1.8,0.7,125,,,1.3,100,20200804_0955_MDWicomico_kdox
1,14,35.9,0.76,0.026,11.9,3,112,,,3.79,200,20200804_1114_MDWorcester_kdox
1,11,35,0.72,0.027,5.1,1.8,115,,,20,500,20200804_1450_PAPhiladelphia_kdix
0,,22.3,1.1,0.011,,,115,,,14,250,20200814_2042_MNGrant_kabr
0,,45.7,0.56,0.045,,,111,,,4.6,550,20200818_1948_FLVolusia_kmlb
1,4,20.4,1.28,0.009,11.1,1.4,115,,,14.02,100,20200828_0307_ARRandolph_knqa
0,,29.1,0.9,0.018,,,135,,,1.6,300,20200830_2303_SDHand_kabr
1,17,36.4,0.33,0.061,8.9,0.9,115,,,5.27,150,20200901_2007_ARCleburne_klzk
1,19,27.7,0.46,0.033,4.9,0.6,120,,,5,150,20201125_0251_TXTarrant_kfws
1,12,53.9,0.27,0.111,7.4,0.5,121,,,13.1,300,20201216_2049_FLPinellas_ktbw
1,23,27.2,0.85,0.018,8.9,1.1,122,,,1.2,20,20201223_2154_TXNewton_kpoe
1,13,69.4,0.28,0.138,16,0.8,152,,,9.51,900,20210126_0440_ALJefferson_kbmx
1,23,80.5,1.12,0.04,12.3,1.9,130,,,11.6,600,20210215_2138_GAEarly_keox
1,35,69,0.29,0.132,17.3,0.9,160,,,22.03,275,20210216_0434_NCBrunswick_kltx
1,24,90,0.39,0.128,9.3,1.8,115,,,21.65,1500,20210313_2115_TXSwisher_kama
0,,47.6,0.36,0.073,,,120,,,13.22,1200,20210313_2348_TXDonley_kama
1,12,71.4,0.5,0.079,9.8,1.2,125,,,12.16,100,20210314_0322_KSGray_kddc
1,26,54.9,0.59,0.052,13.2,2.1,135,,,13.12,325,20210317_1703_MSWayne_kmob
1,17,54.4,0.35,0.086,9.0,1.1,115,,,5.08,1000,20210317_1732_ALDallas_kbmx
1,13,48.1,0.45,0.059,8.6,2.0,130,,,34.77,400,20210317_2044_MSWayne_kmob
1,17,49.1,0.22,0.124,4.9,1.2,130,,,5.84,400,20210317_2212_ALChilton_kbmx
1,17,69.4,0.39,0.099,17.6,1.9,140,,,11.15,1400,20210325_1716_ALHale_kbmx
1,21,64.1,0.48,0.074,9.5,1.3,140,,,50.36,1100,20210325_1753_ALBibb_kbmx
1,28,68.0,0.46,0.082,13.7,1.7,140,,,38.44,1700,20210325_1931_ALCalhoun_kbmx
1,100,101.0,0.55,0.102,20.6,2.1,150,,,33.22,2300,20210325_2126_ALHale_kbmx
1,18,30.1,1.44,0.012,14.1,2.3,115,,,9.54,250,20210326_0013_ALChoctaw_kmob
1,10,46.1,0.65,0.039,11.0,2.2,130,,,22.20,350,20210326_0030_TNWayne_khtx
1,22,52.5,0.22,0.133,7.1,1.4,115,,,14.73,800,20210326_0201_ALChilton_kbmx
1,33,66.5,0.4,0.092,11.1,2.1,125,,,31.13,1000,20210326_0255_ALTallapoosa_kmxx
1,62,75.3,0.56,0.075,15.1,1.8,170,,,38.89,1850,20210326_0337_GAHeard_kffc
0,,52.9,0.81,0.036,,,120,,,20.89,500,20210327_2304_TXCherokee_kshv
1,29,78.7,0.78,0.056,14.2,2.6,115,,,22.61,300,20210327_2359_TXRusk_kshv
1,45,70.9,0.31,0.127,11.2,2.1,125,,,16.68,1600,20210328_0038_TXPanola_kshv
0,,52,0.83,0.035,,,120,,,18.66,600,20210328_0123_ARJefferson_klzk
0,,42.7,0.61,0.039,,,115,,,1.59,400,20210328_0322_ARDrew_klzk
1,5,40.8,0.77,0.029,10.9,0.9,120,,,2.91,50,20210328_0446_MSBolivar_klzk
0,,53.4,0.51,0.058,,,115,,,1.31,200,20210408_2212_TNScott_kmrx
1,8,38.9,0.43,0.05,6.3,0.5,120,,,1.84,300,20210408_2215_TNScott_kmrx
1,20,53.9,0.62,0.048,10.9,2.8,140,,,8.82,200,20210410_0706_LAStLandry_kpoe
0,,50.0,1.23,0.023,,,125,,,0.45,100,20210410_1342_FLBay_kevx
1,15,54.4,0.26,0.116,2.8,1.1,118,,,6.56,400,20210423_2313_TXHardeman_kfdr
1,19,47.1,0.3,0.087,7.4,0.8,116,,,8.23,375,20210425_0103_GACoffee_kvax
1,13,71.9,0.53,0.075,9.6,1.2,138,,,8.39,300,20210427_2049_TXKnox_kfdr
1,16,52.5,0.68,0.043,14.4,2.3,115,,,5.96,510,20210502_2331_MSHolmes_kdgx
1,47,51.5,0.27,0.106,10.9,1.5,125,,,29.65,150,20210503_1804_SCAbbeville_kgsp
1,11,25.3,0.82,0.017,12.6,3.3,111,,,4.63,250,20210503_1901_VANorthumberland_kdox
1,7,62.6,0.22,0.158,3.8,0.8,130,,,3.36,150,20210504_0018_TXHill_kfws
1,8,48.6,0.24,0.113,3.1,0.6,120,,,5.40,659,20210504_0143_TXEllis_kfws
0,,30.1,1.21,0.014,,,125,,,6.19,150,20210504_0833_KYFulton_kpah
0,,78.2,0.85,0.051,,,115,,,11.42,1056,20210518_0011_TXSterling_ksjt
1,10,53.4,0.4,0.074,8.6,1.6,115,,,8.29,575,20210526_2139_NEDundy_kgld
1,20,57.3,0.57,0.056,14.9,3.1,130,,,5.77,500,20210618_1950_INJay_kiwx
0,,42.7,0.59,0.04,,,115,,,5.62,200,20210618_2012_OHMercer_kiln
1,12,30.2,1.2,0.014,7.4,1.3,127,,,22.08,650,20210619_1231_ALEscambia_kmob
1,27,63.1,0.41,0.086,18.8,1.4,140,,,17.55,600,20210621_0402_ILDuPage_klot
0,,23.3,1.35,0.01,,,120,,,7.02,400,20210626_2149_MIHuron_kdtx
1,9,46.1,0.53,0.048,7.6,1.4,120,,,5.81,175,20210711_0118_MOStoddard_kpah
1,3,35.9,0.47,0.042,5.1,0.9,140,,,11.26,615,20210714_2052_IACalhoun_kdmx
1,11,29.6,1.31,0.013,11.7,2.1,120,,,13.28,400,20210714_2216_IAButler_kdmx
1,19,31.1,0.33,0.052,9.1,1.3,122,,,2.67,220,20210729_2050_OHHarrison_kpbz
0,,34.0,0.33,0.057,,,120,,,6.14,150,20210729_2059_OHCarroll_kpbz
1,14,49.1,0.52,0.052,10.2,2.2,120,,,6.34,70,20210729_2159_PABucks_kdix
1,17,43.1,0.42,0.057,9.2,1.0,140,,,3.5,530,20210729_2304_PAPhiladelphia_kdix
1,8,43.7,0.20,0.121,2.5,0.4,115,,,4.2,75,20210730_0103_NJOcean_kdix
1,25,67.0,0.44,0.085,18.4,3.3,160,,,10.62,1100,20210807_2129_WIGrant_karx
1,5,45.7,0.18,0.141,3.5,0.8,115,,,3,300,20210810_0220_NDSteele_kmvx
1,30,40.1,0.37,0.06,9.4,1.8,125,,,11.54,200,20210901_1801_MDAnne Arundel_klwx
1,2,40.3,0.61,0.037,7.3,0.6,115,,,6.09,350,20210901_2015_PAChester_kdix
1,20,70.9,1.22,0.032,11.1,2.0,130,,,8.49,400,20210901_2135_PAMontgomery_kdix
1,26,66.0,0.66,0.056,22.4,1.9,150,,,12.82,400,20210901_2210_NJGloucester_kdix
0,,40.3,0.85,0.026,,,120,,,4.02,500,20211010_2310_MNCook_kdlh
0,,41.8,0.68,0.034,,,111,,,8.12,100,20211010_2345_OKCaddo_ktlx
1,13,39.8,0.41,0.054,13.2,1.3,115,,,3,75,20211011_1936_ILGreene_klsx
1,4,29.1,0.33,0.049,2.8,1.1,115,,,0.91,100,20211016_0528_OHRoss_kiln
1,22,42.3,0.14,0.168,13.9,0.7,130,,,15.66,150,20211021_2330_PAWashington_kpbz
1,30,72.3,1.21,0.033,16.9,2.5,120,,,31.54,150,20211024_2131_MOLivingston_keax
1,75,62.2,0.51,0.068,19.6,4.9,150,,,42.44,450,20211025_0123_MOSt. Francois_klsx
1,55,91.6,0.68,0.075,21.2,2.3,150,,,18.95,880,20211025_0147_MOMadison_kpah
1,4,48.6,0.59,0.046,8.6,1.0,130,,,2.09,50,20211027_1433_TXOrange_klch
1,22,59.2,0.31,0.106,13.5,1.1,130,,,6.99,100,20211027_1445_TXOrange_klch
1,15,50,0.36,0.077,4.2,1.2,130,,,2.21,300,20211027_1720_LACalcasieu_klch
1,77,97.6,0.36,0.151,23.0,2.9,170,,,81.24,1800,20211211_0107_ARCraighead_knqa
1,34,65.6,0.31,0.118,19.1,1.0,165,,,24.95,150,20211211_0135_MOSt. Charles_klsx
1,17,47.6,0.43,0.061,14.3,2.6,125,,,12.78,200,20211211_0147_ILCass_kilx
1,24,36.9,0.47,0.044,7.0,2.5,120,,,4.6,250,20211211_0207_ILMenard_kilx
1,20,54.9,0.53,0.058,14.0,1.9,130,,,9.11,500,20211211_0213_ARWoodruff_klzk
1,9,51.5,0.82,0.035,12.8,0.9,150,,,4.28,300,20211211_0228_ILMadison_klsx
1,184,115.9,0.35,0.184,37.2,2.0,190,,,165.6,1760,20211211_0249_TNObion_kpah
1,34,75.7,0.54,0.078,19.2,2.8,118,,,41.42,690,20211211_0253_ILBond_klsx
1,16,44.2,0.36,0.068,6.7,1.4,130,,,3.6,250,20211211_0311_ARPoinsett_knqa
1,21,57.8,0.55,0.058,13.7,4.4,125,,,15.82,200,20211211_0350_ILShelby_kilx
1,11,52.0,0.66,0.044,8.3,2.4,130,,,6.3,300,20211211_0405_MOReynolds_klsx
1,126,96.1,0.45,0.119,20.3,2.2,160,,,122.91,1038,20211211_0432_TNDyer_kpah
1,4,39.8,0.61,0.036,8.6,1.7,115,,,3.65,100,20211211_0437_ILEdgar_kind
1,25,85.1,0.45,0.105,13.9,1.8,140,,,28.03,1400,20211211_0647_KYLogan_khpx
1,30,55.6,0.35,0.088,16.4,21.8,165,,,29.87,440,20211211_0709_KYWarren_khpx
0,,41.8,0.55,0.042,,,125,,,6.06,300,20211211_0719_KYWarren_khpx
0,,25.7,1.3,0.011,,,135,,,16.09,600,20211211_0740_TNHenderson_knqa
1,10,55.8,0.65,0.048,8.5,2.0,130,,,16.49,900,20211211_0740_KYEdmonson_klvx
1,10,44.2,0.3,0.082,7.0,1.0,125,,,23.95,550,20211211_0755_KYHart_klvx
1,27,85.5,0.36,0.132,15.4,2.4,145,,,14.70,450,20211211_0820_KYTaylor_klvx
1,4,50.5,0.35,0.08,5.0,1.2,135,,,10.83,500,20211211_0843_TNHickman_kohx
1,12,75.3,0.31,0.135,6.1,1.6,125,,,12.31,400,20211211_0857_TNDickson_kohx
0,,23.3,1.2,0.011,,,135,,,0.63,100,20211211_0901_KYBoyle_klvx
0,,33.5,1.57,0.012,,,115,,,2.72,50,20211215_2104_NEPlatte_koax
1,15,20.4,1.04,0.011,7.9,1.7,118,,,23.94,70,20211215_2111_NESaline_koax
0,,37.9,0.99,0.021,,,120,,,6.25,100,20211215_2131_NECuming_koax
1,9,50.0,1.19,0.023,7.4,1.7,120,,,11.22,200,20211215_2144_NECuming_koax
0,,18.0,0.76,0.013,,,112,,,3.25,20,20211215_2155_NEOtoe_koax
0,,29.6,0.89,0.018,,,125,,,3.59,150,20211215_2205_NECass_koax
1,5,36.4,0.81,0.025,3.8,0.9,125,,,2.59,200,20211215_2209_NECass_koax
1,2,42.3,0.96,0.024,2.1,0.7,120,,,2.34,50,20211215_2224_IAPottawattamie_koax
1,5,42.3,1.22,0.019,10.6,2.2,116,,,8.44,100,20211215_2226_IAWoodbury_kfsd
1,14,34.0,0.82,0.023,8.6,2.0,125,,,6.68,75,20211215_2231_IAPottawattamie_koax
1,20,50.0,0.57,0.049,9.5,2.7,116,,,27.15,100,20211215_2250_IACass_kdmx
1,11,43.2,0.61,0.039,9.3,1.4,120,,,18.5,100,20211215_2313_IACarroll_kdmx
1,7,55.4,0.97,0.032,10.3,2.1,120,,,19.69,42,20211215_2317_IAGuthrie_kdmx
0,,40.8,0.76,0.03,,,115,,,4.77,100,20211215_2318_IABuena Vista_kfsd
1,16,56.3,0.81,0.039,14.6,1.7,120,,,30.05,42,20211215_2321_IAGuthrie_kdmx
1,10,50.0,0.76,0.037,10.0,1.8,120,,,7.1,42,20211215_2326_IAGreene_kdmx
1,18,37.4,0.51,0.041,4.9,0.8,120,,,23.54,42,20211215_2328_IAGuthrie_kdmx
1,7,46.1,0.73,0.035,8.0,1.5,115,,,5.89,42,20211215_2332_IAGreene_kdmx
0,,38.4,0.75,0.028,,,120,,,2.74,42,20211215_2335_IAGreene_kdmx
0,,32.5,0.82,0.022,,,115,,,18.02,42,20211215_2339_IACalhoun_kdmx
1,8,45.2,0.75,0.033,3.8,1.0,130,,,17.72,42,20211215_2342_IAGreene_kdmx
0,,30.6,0.86,0.02,,,120,,,10.03,42,20211215_2353_IABoone_kdmx
0,,21.4,1.23,0.01,,,120,,,5.91,42,20211216_0021_IAWright_kdmx
0,,15.5,0.63,0.014,,,125,,,26.52,42,20211216_0034_IAHardin_kdmx
0,,23.3,0.94,0.014,,,115,,,2.17,42,20211216_0110_MNFreeborn_kmpx
1,9,38.9,0.5,0.043,6.3,1.7,130,,,4.03,110,20211216_0307_WIClark_karx
0,,18.5,1.09,0.009,,,132,,,7.44,75,20211216_0315_WIChippewa_karx
1,4,39.3,0.47,0.046,5.3,1.3,120,,,0.81,50,20211216_0316_WIClark_karx